% Device,CC1320002
% File name,CC1320002_20210817_205950
% Cast time (UTC),2021-08-17 20:59:50
% Cast time (local),2021-08-17 16:59:50
% Sample type,Invalid
% Cast data,Processed
% Location source,GPS
% Default latitude,32
% Default altitude,0
% Start latitude,34.14139
% Start longitude,-77.8679584
% Start altitude,-26.260000228881836
% Start GPS horizontal error(Meter),4.1399998664855957
% Start GPS vertical error(Meter),7.6100001335144043
% Start GPS number of satellites,5
% End latitude,
% End longitude,
% End altitude,
% End GPS horizontal error(Meter),
% End GPS vertical error(Meter),
% End GPS number of satellites,
% Cast duration (Seconds),21.6
% Samples per second,5
% Electronics calibration date,0001-01-01
% Conductivity calibration date,2013-05-22
% Temperature calibration date,2013-05-22
% Pressure calibration date,2013-05-22
% 
Pressure (Decibar),Depth (Meter),Temperature (Celsius),Conductivity (MicroSiemens per Centimeter),Specific conductance (MicroSiemens per Centimeter),Salinity (Practical Salinity Scale),Sound velocity (Meters per Second),Density (Kilograms per Cubic Meter)
