% Device,CC1320002
% File name,CC1320002_20221214_185657
% Cast time (UTC),2022-12-14 18:56:57
% Cast time (local),2022-12-14 13:56:57
% Sample type,Invalid
% Cast data,Processed
% Location source,GPS
% Default latitude,32
% Default altitude,0
% Start latitude,34.2608253
% Start longitude,-77.9161075
% Start altitude,-45.25
% Start GPS horizontal error(Meter),6.2300000190734863
% Start GPS vertical error(Meter),10.9399995803833
% Start GPS number of satellites,8
% End latitude,
% End longitude,
% End altitude,
% End GPS horizontal error(Meter),
% End GPS vertical error(Meter),
% End GPS number of satellites,
% Cast duration (Seconds),49.4
% Samples per second,5
% Electronics calibration date,0001-01-01
% Conductivity calibration date,2013-05-22
% Temperature calibration date,2013-05-22
% Pressure calibration date,2013-05-22
% 
Pressure (Decibar),Depth (Meter),Temperature (Celsius),Conductivity (MicroSiemens per Centimeter),Specific conductance (MicroSiemens per Centimeter),Salinity (Practical Salinity Scale),Sound velocity (Meters per Second),Density (Kilograms per Cubic Meter)
