% Device,CC1320002
% File name,CC1320002_20230929_174005
% Cast time (UTC),2023-09-29 17:40:05
% Cast time (local),2023-09-29 13:40:05
% Sample type,Invalid
% Cast data,Processed
% Location source,GPS
% Default latitude,32
% Default altitude,0
% Start latitude,34.1412844
% Start longitude,-77.8608396
% Start altitude,-32.799999237060547
% Start GPS horizontal error(Meter),1.4299999475479126
% Start GPS vertical error(Meter),2.3599998950958252
% Start GPS number of satellites,10
% End latitude,34.14129
% End longitude,-77.8608327
% End altitude,-35.0099983215332
% End GPS horizontal error(Meter),20.219999313354492
% End GPS vertical error(Meter),32.040000915527344
% End GPS number of satellites,10
% Cast duration (Seconds),10
% Samples per second,5
% Electronics calibration date,0001-01-01
% Conductivity calibration date,2013-05-22
% Temperature calibration date,2013-05-22
% Pressure calibration date,2013-05-22
% 
Pressure (Decibar),Depth (Meter),Temperature (Celsius),Conductivity (MicroSiemens per Centimeter),Specific conductance (MicroSiemens per Centimeter),Salinity (Practical Salinity Scale),Sound velocity (Meters per Second),Density (Kilograms per Cubic Meter)
