% Device,CC1320002
% File name,CC1320002_20221214_162446
% Cast time (UTC),2022-12-14 16:24:46
% Cast time (local),2022-12-14 11:24:46
% Sample type,Point measurement
% Cast data,Processed
% Location source,GPS
% Default latitude,32
% Default altitude,0
% Start latitude,34.2626068
% Start longitude,-77.8885595
% Start altitude,-29.489999771118164
% Start GPS horizontal error(Meter),2.4000000953674316
% Start GPS vertical error(Meter),3.8900001049041748
% Start GPS number of satellites,10
% End latitude,
% End longitude,
% End altitude,
% End GPS horizontal error(Meter),
% End GPS vertical error(Meter),
% End GPS number of satellites,
% Cast duration (Seconds),198.8
% Samples per second,5
% Electronics calibration date,0001-01-01
% Conductivity calibration date,2013-05-22
% Temperature calibration date,2013-05-22
% Pressure calibration date,2013-05-22
% 
Pressure (Decibar),Depth (Meter),Temperature (Celsius),Conductivity (MicroSiemens per Centimeter),Specific conductance (MicroSiemens per Centimeter),Salinity (Practical Salinity Scale),Sound velocity (Meters per Second),Density (Kilograms per Cubic Meter)
0.55010795593261719,0.55010795593261719,9.8182735443115234,2781.562255859375,3994.4000272147555,2.0813998256444486,1449.1647282068484,1001.3542622360983
