% Device,CC1320002
% File name,CC1320002_20231102_163237
% Cast time (UTC),2023-11-02 16:32:37
% Cast time (local),2023-11-02 12:32:37
% Sample type,Point measurement
% Cast data,Processed
% Location source,GPS
% Default latitude,32
% Default altitude,0
% Start latitude,34.2623677
% Start longitude,-77.8888663
% Start altitude,-65.6500015258789
% Start GPS horizontal error(Meter),4.5100002288818359
% Start GPS vertical error(Meter),5.46999979019165
% Start GPS number of satellites,5
% End latitude,
% End longitude,
% End altitude,
% End GPS horizontal error(Meter),
% End GPS vertical error(Meter),
% End GPS number of satellites,
% Cast duration (Seconds),69.8
% Samples per second,5
% Electronics calibration date,0001-01-01
% Conductivity calibration date,2013-05-22
% Temperature calibration date,2013-05-22
% Pressure calibration date,2013-05-22
% 
Pressure (Decibar),Depth (Meter),Temperature (Celsius),Conductivity (MicroSiemens per Centimeter),Specific conductance (MicroSiemens per Centimeter),Salinity (Practical Salinity Scale),Sound velocity (Meters per Second),Density (Kilograms per Cubic Meter)
0.37951183319091797,0.37951183319091797,14.464764595031738,4354.771484375,5517.2905870104023,2.9619082199793052,1467.6081315921826,1001.4707067920265
