% Device,CC1320002
% File name,CC1320002_20221007_175524
% Cast time (UTC),2022-10-07 17:55:24
% Cast time (local),2022-10-07 13:55:24
% Sample type,Invalid
% Cast data,Processed
% Location source,Manual
% Default latitude,32
% Default altitude,0
% Start latitude,
% Start longitude,
% Start altitude,
% Start GPS horizontal error(Meter),
% Start GPS vertical error(Meter),
% Start GPS number of satellites,
% End latitude,
% End longitude,
% End altitude,
% End GPS horizontal error(Meter),
% End GPS vertical error(Meter),
% End GPS number of satellites,
% Cast duration (Seconds),2
% Samples per second,5
% Electronics calibration date,0001-01-01
% Conductivity calibration date,2013-05-22
% Temperature calibration date,2013-05-22
% Pressure calibration date,2013-05-22
% 
Pressure (Decibar),Depth (Meter),Temperature (Celsius),Conductivity (MicroSiemens per Centimeter),Specific conductance (MicroSiemens per Centimeter),Salinity (Practical Salinity Scale),Sound velocity (Meters per Second),Density (Kilograms per Cubic Meter)
