% Device,CC1320002
% File name,CC1320002_20230324_191838
% Cast time (UTC),2023-03-24 19:18:38
% Cast time (local),2023-03-24 15:18:38
% Sample type,Invalid
% Cast data,Processed
% Location source,GPS
% Default latitude,32
% Default altitude,0
% Start latitude,34.2666641
% Start longitude,-77.9478821
% Start altitude,-31.780000686645508
% Start GPS horizontal error(Meter),18.6299991607666
% Start GPS vertical error(Meter),31.069999694824219
% Start GPS number of satellites,5
% End latitude,
% End longitude,
% End altitude,
% End GPS horizontal error(Meter),
% End GPS vertical error(Meter),
% End GPS number of satellites,
% Cast duration (Seconds),25.6
% Samples per second,5
% Electronics calibration date,0001-01-01
% Conductivity calibration date,2013-05-22
% Temperature calibration date,2013-05-22
% Pressure calibration date,2013-05-22
% 
Pressure (Decibar),Depth (Meter),Temperature (Celsius),Conductivity (MicroSiemens per Centimeter),Specific conductance (MicroSiemens per Centimeter),Salinity (Practical Salinity Scale),Sound velocity (Meters per Second),Density (Kilograms per Cubic Meter)
